{"posX":21.357023239135743,"posY":65.8006362915039,"posZ":1.0987128019332886,"rotX":-0.012394693680107594,"rotY":0.10113289952278137,"rotZ":-0.0006277935463003814}