{"posX":21.628095626831056,"posY":65.9401626586914,"posZ":0.6847957968711853,"rotX":0.0,"rotY":0.0,"rotZ":0.0}