{"posX":23.5723819732666,"posY":64.82740020751953,"posZ":1.7506866455078126,"rotX":0.0,"rotY":0.0,"rotZ":0.0}