{"posX":25.30272674560547,"posY":57.949554443359378,"posZ":28.672603607177736,"rotX":-0.027788249775767328,"rotY":0.13865604996681214,"rotZ":-0.0020298012532293798}