{"posX":17.531208038330079,"posY":67.26441955566406,"posZ":-0.09268761426210404}